n,covered,pct
10,854,85.39999999999999
50,923,92.30000000000001
100,923,92.30000000000001
500,947,94.69999999999999
1000,957,95.7
